,0
0,18/04/2022 00:37
1,18/04/2022 00:42
2,18/04/2022 00:50
3,18/04/2022 00:54
4,18/04/2022 01:11
5,18/04/2022 01:15
6,18/04/2022 01:52
7,18/04/2022 07:00
8,18/04/2022 07:01
9,18/04/2022 07:02
10,18/04/2022 07:03
11,18/04/2022 07:04
12,18/04/2022 07:05
13,18/04/2022 07:06
14,18/04/2022 07:07
15,18/04/2022 07:08
16,18/04/2022 07:09
17,18/04/2022 07:10
18,18/04/2022 07:12
19,18/04/2022 07:13
20,18/04/2022 07:14
21,18/04/2022 07:15
22,18/04/2022 07:16
23,18/04/2022 07:17
24,18/04/2022 07:18
25,18/04/2022 07:19
26,18/04/2022 07:20
27,18/04/2022 07:21
28,18/04/2022 07:22
29,18/04/2022 07:23
30,18/04/2022 07:24
31,18/04/2022 07:25
32,18/04/2022 07:27
33,18/04/2022 07:28
34,18/04/2022 07:29
35,18/04/2022 07:30
36,18/04/2022 07:31
37,18/04/2022 07:32
38,18/04/2022 07:33
39,18/04/2022 07:34
40,18/04/2022 07:35
41,18/04/2022 07:36
42,18/04/2022 07:37
43,18/04/2022 07:38
44,18/04/2022 07:39
45,18/04/2022 07:40
46,18/04/2022 07:41
47,18/04/2022 07:42
48,18/04/2022 07:43
49,18/04/2022 07:44
50,18/04/2022 07:45
51,18/04/2022 07:46
52,18/04/2022 07:48
53,18/04/2022 07:49
54,18/04/2022 07:51
55,18/04/2022 07:52
56,18/04/2022 07:53
57,18/04/2022 07:54
58,18/04/2022 07:55
59,18/04/2022 07:56
60,18/04/2022 07:57
61,18/04/2022 07:59
62,18/04/2022 08:00
63,18/04/2022 08:01
64,18/04/2022 08:03
65,18/04/2022 08:04
66,18/04/2022 08:05
67,18/04/2022 08:06
68,18/04/2022 08:07
69,18/04/2022 08:08
70,18/04/2022 08:09
71,18/04/2022 08:10
72,18/04/2022 08:11
73,18/04/2022 08:12
74,18/04/2022 08:13
75,18/04/2022 08:14
76,18/04/2022 08:15
77,18/04/2022 08:16
78,18/04/2022 08:17
79,18/04/2022 08:18
80,18/04/2022 08:19
81,18/04/2022 08:20
82,18/04/2022 08:21
83,18/04/2022 08:22
84,18/04/2022 08:23
85,18/04/2022 08:24
86,18/04/2022 08:25
87,18/04/2022 08:26
88,18/04/2022 08:27
89,18/04/2022 08:28
90,18/04/2022 08:29
91,18/04/2022 08:30
92,18/04/2022 08:31
93,18/04/2022 08:32
94,18/04/2022 08:33
95,18/04/2022 08:34
96,18/04/2022 08:35
97,18/04/2022 08:36
98,18/04/2022 08:37
99,18/04/2022 08:38
100,18/04/2022 08:39
101,18/04/2022 08:40
102,18/04/2022 08:41
103,18/04/2022 08:42
104,18/04/2022 08:43
105,18/04/2022 08:44
106,18/04/2022 08:45
107,18/04/2022 08:46
108,18/04/2022 08:47
109,18/04/2022 08:48
110,18/04/2022 08:49
111,18/04/2022 08:50
112,18/04/2022 08:51
113,18/04/2022 08:52
114,18/04/2022 08:53
115,18/04/2022 08:54
116,18/04/2022 08:55
117,18/04/2022 08:56
118,18/04/2022 08:57
119,18/04/2022 08:58
120,18/04/2022 08:59
121,18/04/2022 09:00
122,18/04/2022 09:01
123,18/04/2022 09:02
124,18/04/2022 09:03
125,18/04/2022 09:04
126,18/04/2022 09:05
127,18/04/2022 09:06
128,18/04/2022 09:07
129,18/04/2022 09:08
130,18/04/2022 09:09
131,18/04/2022 09:10
132,18/04/2022 09:11
133,18/04/2022 09:12
134,18/04/2022 09:13
135,18/04/2022 09:14
136,18/04/2022 09:15
137,18/04/2022 09:16
138,18/04/2022 09:17
139,18/04/2022 09:18
140,18/04/2022 09:19
141,18/04/2022 09:20
142,18/04/2022 09:21
143,18/04/2022 09:22
144,18/04/2022 09:23
145,18/04/2022 09:24
146,18/04/2022 09:25
147,18/04/2022 09:26
148,18/04/2022 09:27
149,18/04/2022 09:28
150,18/04/2022 09:29
151,18/04/2022 09:30
152,18/04/2022 09:31
153,18/04/2022 09:32
154,18/04/2022 09:33
155,18/04/2022 09:34
156,18/04/2022 09:35
157,18/04/2022 09:36
158,18/04/2022 09:37
159,18/04/2022 09:38
160,18/04/2022 09:39
161,18/04/2022 09:40
162,18/04/2022 09:41
163,18/04/2022 09:42
164,18/04/2022 09:43
165,18/04/2022 09:44
166,18/04/2022 09:45
167,18/04/2022 09:46
168,18/04/2022 09:47
169,18/04/2022 09:48
170,18/04/2022 09:49
171,18/04/2022 09:50
172,18/04/2022 09:51
173,18/04/2022 09:52
174,18/04/2022 09:53
175,18/04/2022 09:54
176,18/04/2022 09:55
177,18/04/2022 09:56
178,18/04/2022 09:57
179,18/04/2022 09:58
180,18/04/2022 09:59
181,18/04/2022 10:00
182,18/04/2022 10:01
183,18/04/2022 10:02
184,18/04/2022 10:03
185,18/04/2022 10:04
186,18/04/2022 10:05
187,18/04/2022 10:06
188,18/04/2022 10:07
189,18/04/2022 10:08
190,18/04/2022 10:09
191,18/04/2022 10:10
192,18/04/2022 10:11
193,18/04/2022 10:12
194,18/04/2022 10:13
195,18/04/2022 10:14
196,18/04/2022 10:15
197,18/04/2022 10:16
198,18/04/2022 10:17
199,18/04/2022 10:18
200,18/04/2022 10:19
201,18/04/2022 10:20
202,18/04/2022 10:21
203,18/04/2022 10:22
204,18/04/2022 10:23
205,18/04/2022 10:24
206,18/04/2022 10:25
207,18/04/2022 10:26
208,18/04/2022 10:27
209,18/04/2022 10:28
210,18/04/2022 10:29
211,18/04/2022 10:30
212,18/04/2022 10:31
213,18/04/2022 10:32
214,18/04/2022 10:33
215,18/04/2022 10:34
216,18/04/2022 10:35
217,18/04/2022 10:36
218,18/04/2022 10:37
219,18/04/2022 10:38
220,18/04/2022 10:39
221,18/04/2022 10:40
222,18/04/2022 10:41
223,18/04/2022 10:42
224,18/04/2022 10:43
225,18/04/2022 10:44
226,18/04/2022 10:45
227,18/04/2022 10:46
228,18/04/2022 10:47
229,18/04/2022 10:48
230,18/04/2022 10:49
231,18/04/2022 10:50
232,18/04/2022 10:51
233,18/04/2022 10:52
234,18/04/2022 10:53
235,18/04/2022 10:54
236,18/04/2022 10:55
237,18/04/2022 10:56
238,18/04/2022 10:57
239,18/04/2022 10:58
240,18/04/2022 10:59
241,18/04/2022 11:00
242,18/04/2022 11:01
243,18/04/2022 11:02
244,18/04/2022 11:03
245,18/04/2022 11:04
246,18/04/2022 11:05
247,18/04/2022 11:06
248,18/04/2022 11:07
249,18/04/2022 11:08
250,18/04/2022 11:09
251,18/04/2022 11:10
252,18/04/2022 11:11
253,18/04/2022 11:12
254,18/04/2022 11:13
255,18/04/2022 11:14
256,18/04/2022 11:15
257,18/04/2022 11:16
258,18/04/2022 11:17
259,18/04/2022 11:18
260,18/04/2022 11:19
261,18/04/2022 11:20
262,18/04/2022 11:21
263,18/04/2022 11:22
264,18/04/2022 11:23
265,18/04/2022 11:25
266,18/04/2022 11:26
267,18/04/2022 11:27
268,18/04/2022 11:28
269,18/04/2022 11:29
270,18/04/2022 11:30
271,18/04/2022 11:31
272,18/04/2022 11:33
273,18/04/2022 11:34
274,18/04/2022 11:35
275,18/04/2022 11:36
276,18/04/2022 11:37
277,18/04/2022 11:38
278,18/04/2022 11:39
279,18/04/2022 11:40
280,18/04/2022 11:41
281,18/04/2022 11:42
282,18/04/2022 11:43
283,18/04/2022 11:44
284,18/04/2022 11:45
285,18/04/2022 11:46
286,18/04/2022 11:47
287,18/04/2022 11:48
288,18/04/2022 11:49
289,18/04/2022 11:50
290,18/04/2022 11:51
291,18/04/2022 11:52
292,18/04/2022 11:53
293,18/04/2022 11:54
294,18/04/2022 11:55
295,18/04/2022 11:56
296,18/04/2022 11:57
297,18/04/2022 11:58
298,18/04/2022 11:59
299,18/04/2022 12:00
300,18/04/2022 12:01
301,18/04/2022 12:02
302,18/04/2022 12:03
303,18/04/2022 12:04
304,18/04/2022 12:05
305,18/04/2022 12:06
306,18/04/2022 12:07
307,18/04/2022 12:08
308,18/04/2022 12:09
309,18/04/2022 12:10
310,18/04/2022 12:11
311,18/04/2022 12:12
312,18/04/2022 12:13
313,18/04/2022 12:14
314,18/04/2022 12:15
315,18/04/2022 12:16
316,18/04/2022 12:17
317,18/04/2022 12:18
318,18/04/2022 12:19
319,18/04/2022 12:20
320,18/04/2022 12:21
321,18/04/2022 12:22
322,18/04/2022 12:23
323,18/04/2022 12:24
324,18/04/2022 12:25
325,18/04/2022 12:26
326,18/04/2022 12:27
327,18/04/2022 12:28
328,18/04/2022 12:29
329,18/04/2022 12:30
330,18/04/2022 12:31
331,18/04/2022 12:32
332,18/04/2022 12:33
333,18/04/2022 12:34
334,18/04/2022 12:35
335,18/04/2022 12:36
336,18/04/2022 12:37
337,18/04/2022 12:38
338,18/04/2022 12:39
339,18/04/2022 12:40
340,18/04/2022 12:41
341,18/04/2022 12:42
342,18/04/2022 12:43
343,18/04/2022 12:44
344,18/04/2022 12:45
345,18/04/2022 12:46
346,18/04/2022 12:47
347,18/04/2022 12:48
348,18/04/2022 12:49
349,18/04/2022 12:50
350,18/04/2022 12:51
351,18/04/2022 12:52
352,18/04/2022 12:53
353,18/04/2022 12:54
354,18/04/2022 12:55
355,18/04/2022 12:56
356,18/04/2022 12:57
357,18/04/2022 12:58
358,18/04/2022 12:59
359,18/04/2022 13:00
360,18/04/2022 13:01
361,18/04/2022 13:02
362,18/04/2022 13:03
363,18/04/2022 13:04
364,18/04/2022 13:05
365,18/04/2022 13:06
366,18/04/2022 13:07
367,18/04/2022 13:08
368,18/04/2022 13:09
369,18/04/2022 13:10
370,18/04/2022 13:11
371,18/04/2022 13:12
372,18/04/2022 13:13
373,18/04/2022 13:14
374,18/04/2022 13:15
375,18/04/2022 13:16
376,18/04/2022 13:17
377,18/04/2022 13:18
378,18/04/2022 13:19
379,18/04/2022 13:20
380,18/04/2022 13:21
381,18/04/2022 13:22
382,18/04/2022 13:23
383,18/04/2022 13:24
384,18/04/2022 13:25
385,18/04/2022 13:26
386,18/04/2022 13:27
387,18/04/2022 13:28
388,18/04/2022 13:29
389,18/04/2022 13:30
390,18/04/2022 13:31
391,18/04/2022 13:32
392,18/04/2022 13:33
393,18/04/2022 13:34
394,18/04/2022 13:35
395,18/04/2022 13:36
396,18/04/2022 13:37
397,18/04/2022 13:38
398,18/04/2022 13:39
399,18/04/2022 13:40
400,18/04/2022 13:41
401,18/04/2022 13:42
402,18/04/2022 13:43
403,18/04/2022 13:44
404,18/04/2022 13:45
405,18/04/2022 13:46
406,18/04/2022 13:47
407,18/04/2022 13:48
408,18/04/2022 13:49
409,18/04/2022 13:50
410,18/04/2022 13:51
411,18/04/2022 13:52
412,18/04/2022 13:53
413,18/04/2022 13:54
414,18/04/2022 13:55
415,18/04/2022 13:56
416,18/04/2022 13:57
417,18/04/2022 13:58
418,18/04/2022 13:59
419,18/04/2022 14:00
420,18/04/2022 14:01
421,18/04/2022 14:02
422,18/04/2022 14:03
423,18/04/2022 14:04
424,18/04/2022 14:05
425,18/04/2022 14:06
426,18/04/2022 14:07
427,18/04/2022 14:08
428,18/04/2022 14:09
429,18/04/2022 14:10
430,18/04/2022 14:11
431,18/04/2022 14:12
432,18/04/2022 14:13
433,18/04/2022 14:14
434,18/04/2022 14:15
435,18/04/2022 14:16
436,18/04/2022 14:17
437,18/04/2022 14:18
438,18/04/2022 14:19
439,18/04/2022 14:20
440,18/04/2022 14:21
441,18/04/2022 14:22
442,18/04/2022 14:23
443,18/04/2022 14:24
444,18/04/2022 14:25
445,18/04/2022 14:26
446,18/04/2022 14:27
447,18/04/2022 14:28
448,18/04/2022 14:29
449,18/04/2022 14:30
450,18/04/2022 14:31
451,18/04/2022 14:32
452,18/04/2022 14:33
453,18/04/2022 14:34
454,18/04/2022 14:35
455,18/04/2022 14:36
456,18/04/2022 14:37
457,18/04/2022 14:38
458,18/04/2022 14:39
459,18/04/2022 14:40
460,18/04/2022 14:41
461,18/04/2022 14:42
462,18/04/2022 14:43
463,18/04/2022 14:44
464,18/04/2022 14:45
465,18/04/2022 14:46
466,18/04/2022 14:47
467,18/04/2022 14:48
468,18/04/2022 14:49
469,18/04/2022 14:50
470,18/04/2022 14:51
471,18/04/2022 14:52
472,18/04/2022 14:53
473,18/04/2022 14:54
474,18/04/2022 14:55
475,18/04/2022 14:56
476,18/04/2022 14:57
477,18/04/2022 14:58
478,18/04/2022 14:59
479,18/04/2022 15:00
480,18/04/2022 15:01
481,18/04/2022 15:02
482,18/04/2022 15:03
483,18/04/2022 15:04
484,18/04/2022 15:05
485,18/04/2022 15:06
486,18/04/2022 15:07
487,18/04/2022 15:08
488,18/04/2022 15:09
489,18/04/2022 15:10
490,18/04/2022 15:11
491,18/04/2022 15:12
492,18/04/2022 15:13
493,18/04/2022 15:14
494,18/04/2022 15:15
495,18/04/2022 15:16
496,18/04/2022 15:17
497,18/04/2022 15:18
498,18/04/2022 15:19
499,18/04/2022 15:20
500,18/04/2022 15:21
501,18/04/2022 15:22
502,18/04/2022 15:23
503,18/04/2022 15:24
504,18/04/2022 15:25
505,18/04/2022 15:26
506,18/04/2022 15:27
507,18/04/2022 15:28
508,18/04/2022 15:29
509,18/04/2022 15:30
510,18/04/2022 15:31
511,18/04/2022 15:32
512,18/04/2022 15:33
513,18/04/2022 15:34
514,18/04/2022 15:35
515,18/04/2022 15:36
516,18/04/2022 15:37
517,18/04/2022 15:38
518,18/04/2022 15:39
519,18/04/2022 15:40
520,18/04/2022 15:41
521,18/04/2022 15:42
522,18/04/2022 15:43
523,18/04/2022 15:44
524,18/04/2022 15:45
525,18/04/2022 15:46
526,18/04/2022 15:47
527,18/04/2022 15:48
528,18/04/2022 15:49
529,18/04/2022 15:50
530,18/04/2022 15:51
531,18/04/2022 15:52
532,18/04/2022 15:53
533,18/04/2022 15:54
534,18/04/2022 15:55
535,18/04/2022 15:56
536,18/04/2022 15:57
537,18/04/2022 15:58
538,18/04/2022 15:59
539,18/04/2022 16:00
540,18/04/2022 16:01
541,18/04/2022 16:02
542,18/04/2022 16:03
543,18/04/2022 16:04
544,18/04/2022 16:05
545,18/04/2022 16:06
546,18/04/2022 16:07
547,18/04/2022 16:08
548,18/04/2022 16:09
549,18/04/2022 16:10
550,18/04/2022 16:11
551,18/04/2022 16:12
552,18/04/2022 16:13
553,18/04/2022 16:14
554,18/04/2022 16:15
555,18/04/2022 16:16
556,18/04/2022 16:17
557,18/04/2022 16:18
558,18/04/2022 16:19
559,18/04/2022 16:20
560,18/04/2022 16:21
561,18/04/2022 16:22
562,18/04/2022 16:23
563,18/04/2022 16:24
564,18/04/2022 16:25
565,18/04/2022 16:26
566,18/04/2022 16:27
567,18/04/2022 16:28
568,18/04/2022 16:29
569,18/04/2022 16:30
570,18/04/2022 16:31
571,18/04/2022 16:32
572,18/04/2022 16:33
573,18/04/2022 16:34
574,18/04/2022 16:35
575,18/04/2022 16:36
576,18/04/2022 16:37
577,18/04/2022 16:38
578,18/04/2022 16:39
579,18/04/2022 16:40
580,18/04/2022 16:41
581,18/04/2022 16:42
582,18/04/2022 16:43
583,18/04/2022 16:44
584,18/04/2022 16:45
585,18/04/2022 16:46
586,18/04/2022 16:47
587,18/04/2022 16:48
588,18/04/2022 16:49
589,18/04/2022 16:50
590,18/04/2022 16:51
591,18/04/2022 16:52
592,18/04/2022 16:53
593,18/04/2022 16:54
594,18/04/2022 16:55
595,18/04/2022 16:56
596,18/04/2022 16:57
597,18/04/2022 16:58
598,18/04/2022 16:59
599,18/04/2022 17:01
600,18/04/2022 17:05
601,18/04/2022 17:07
602,18/04/2022 17:09
603,18/04/2022 17:12
604,18/04/2022 17:24
605,18/04/2022 17:31
606,18/04/2022 18:34
607,18/04/2022 18:37
608,18/04/2022 18:38
609,18/04/2022 18:39
610,18/04/2022 18:40
611,18/04/2022 18:47
612,18/04/2022 19:11
613,18/04/2022 20:20
614,18/04/2022 20:31
615,18/04/2022 21:06
616,18/04/2022 21:08
617,18/04/2022 21:12
618,18/04/2022 21:25
619,18/04/2022 21:26
620,18/04/2022 22:03
621,19/04/2022 00:20
622,19/04/2022 00:23
623,19/04/2022 00:49
624,19/04/2022 00:50
625,19/04/2022 01:16
626,19/04/2022 01:59
627,19/04/2022 07:00
628,19/04/2022 07:01
629,19/04/2022 07:02
630,19/04/2022 07:03
631,19/04/2022 07:04
632,19/04/2022 07:05
633,19/04/2022 07:06
634,19/04/2022 07:07
635,19/04/2022 07:08
636,19/04/2022 07:09
637,19/04/2022 07:10
638,19/04/2022 07:11
639,19/04/2022 07:12
640,19/04/2022 07:13
641,19/04/2022 07:14
642,19/04/2022 07:15
643,19/04/2022 07:16
644,19/04/2022 07:17
645,19/04/2022 07:18
646,19/04/2022 07:19
647,19/04/2022 07:20
648,19/04/2022 07:21
649,19/04/2022 07:22
650,19/04/2022 07:23
651,19/04/2022 07:24
652,19/04/2022 07:25
653,19/04/2022 07:26
654,19/04/2022 07:27
655,19/04/2022 07:28
656,19/04/2022 07:29
657,19/04/2022 07:30
658,19/04/2022 07:31
659,19/04/2022 07:32
660,19/04/2022 07:33
661,19/04/2022 07:34
662,19/04/2022 07:35
663,19/04/2022 07:36
664,19/04/2022 07:37
665,19/04/2022 07:39
666,19/04/2022 07:40
667,19/04/2022 07:41
668,19/04/2022 07:42
669,19/04/2022 07:43
670,19/04/2022 07:44
671,19/04/2022 07:45
672,19/04/2022 07:47
673,19/04/2022 07:48
674,19/04/2022 07:49
675,19/04/2022 07:51
676,19/04/2022 07:52
677,19/04/2022 07:53
678,19/04/2022 07:54
679,19/04/2022 07:56
680,19/04/2022 07:57
681,19/04/2022 07:58
682,19/04/2022 07:59
683,19/04/2022 08:00
684,19/04/2022 08:01
685,19/04/2022 08:02
686,19/04/2022 08:03
687,19/04/2022 08:04
688,19/04/2022 08:05
689,19/04/2022 08:06
690,19/04/2022 08:07
691,19/04/2022 08:08
692,19/04/2022 08:09
693,19/04/2022 08:10
694,19/04/2022 08:11
695,19/04/2022 08:12
696,19/04/2022 08:13
697,19/04/2022 08:14
698,19/04/2022 08:15
699,19/04/2022 08:16
700,19/04/2022 08:17
701,19/04/2022 08:18
702,19/04/2022 08:19
703,19/04/2022 08:20
704,19/04/2022 08:21
705,19/04/2022 08:22
706,19/04/2022 08:23
707,19/04/2022 08:24
708,19/04/2022 08:25
709,19/04/2022 08:26
710,19/04/2022 08:27
711,19/04/2022 08:28
712,19/04/2022 08:29
713,19/04/2022 08:30
714,19/04/2022 08:31
715,19/04/2022 08:32
716,19/04/2022 08:33
717,19/04/2022 08:34
718,19/04/2022 08:35
719,19/04/2022 08:36
720,19/04/2022 08:37
721,19/04/2022 08:38
722,19/04/2022 08:39
723,19/04/2022 08:40
724,19/04/2022 08:41
725,19/04/2022 08:42
726,19/04/2022 08:43
727,19/04/2022 08:44
728,19/04/2022 08:45
729,19/04/2022 08:46
730,19/04/2022 08:47
731,19/04/2022 08:48
732,19/04/2022 08:49
733,19/04/2022 08:50
734,19/04/2022 08:51
735,19/04/2022 08:52
736,19/04/2022 08:53
737,19/04/2022 08:54
738,19/04/2022 08:55
739,19/04/2022 08:56
740,19/04/2022 08:57
741,19/04/2022 08:58
742,19/04/2022 08:59
743,19/04/2022 09:00
744,19/04/2022 09:01
745,19/04/2022 09:02
746,19/04/2022 09:03
747,19/04/2022 09:04
748,19/04/2022 09:05
749,19/04/2022 09:06
750,19/04/2022 09:07
751,19/04/2022 09:08
752,19/04/2022 09:09
753,19/04/2022 09:10
754,19/04/2022 09:11
755,19/04/2022 09:12
756,19/04/2022 09:13
757,19/04/2022 09:14
758,19/04/2022 09:15
759,19/04/2022 09:16
760,19/04/2022 09:17
761,19/04/2022 09:18
762,19/04/2022 09:19
763,19/04/2022 09:20
764,19/04/2022 09:21
765,19/04/2022 09:22
766,19/04/2022 09:23
767,19/04/2022 09:24
768,19/04/2022 09:25
769,19/04/2022 09:26
770,19/04/2022 09:27
771,19/04/2022 09:28
772,19/04/2022 09:29
773,19/04/2022 09:30
774,19/04/2022 09:31
775,19/04/2022 09:32
776,19/04/2022 09:33
777,19/04/2022 09:34
778,19/04/2022 09:35
779,19/04/2022 09:36
780,19/04/2022 09:37
781,19/04/2022 09:38
782,19/04/2022 09:39
783,19/04/2022 09:40
784,19/04/2022 09:41
785,19/04/2022 09:42
786,19/04/2022 09:43
787,19/04/2022 09:44
788,19/04/2022 09:45
789,19/04/2022 09:46
790,19/04/2022 09:47
791,19/04/2022 09:48
792,19/04/2022 09:49
793,19/04/2022 09:50
794,19/04/2022 09:51
795,19/04/2022 09:52
796,19/04/2022 09:53
797,19/04/2022 09:54
798,19/04/2022 09:55
799,19/04/2022 09:56
800,19/04/2022 09:57
801,19/04/2022 09:58
802,19/04/2022 09:59
803,19/04/2022 10:00
804,19/04/2022 10:01
805,19/04/2022 10:02
806,19/04/2022 10:03
807,19/04/2022 10:04
808,19/04/2022 10:05
809,19/04/2022 10:06
810,19/04/2022 10:07
811,19/04/2022 10:08
812,19/04/2022 10:09
813,19/04/2022 10:10
814,19/04/2022 10:11
815,19/04/2022 10:12
816,19/04/2022 10:13
817,19/04/2022 10:14
818,19/04/2022 10:15
819,19/04/2022 10:16
820,19/04/2022 10:17
821,19/04/2022 10:18
822,19/04/2022 10:19
823,19/04/2022 10:20
824,19/04/2022 10:21
825,19/04/2022 10:22
826,19/04/2022 10:23
827,19/04/2022 10:24
828,19/04/2022 10:25
829,19/04/2022 10:26
830,19/04/2022 10:27
831,19/04/2022 10:28
832,19/04/2022 10:29
833,19/04/2022 10:30
834,19/04/2022 10:31
835,19/04/2022 10:32
836,19/04/2022 10:33
837,19/04/2022 10:34
838,19/04/2022 10:35
839,19/04/2022 10:36
840,19/04/2022 10:37
841,19/04/2022 10:38
842,19/04/2022 10:39
843,19/04/2022 10:40
844,19/04/2022 10:41
845,19/04/2022 10:42
846,19/04/2022 10:43
847,19/04/2022 10:44
848,19/04/2022 10:45
849,19/04/2022 10:46
850,19/04/2022 10:47
851,19/04/2022 10:48
852,19/04/2022 10:49
853,19/04/2022 10:50
854,19/04/2022 10:51
855,19/04/2022 10:52
856,19/04/2022 10:53
857,19/04/2022 10:54
858,19/04/2022 10:55
859,19/04/2022 10:56
860,19/04/2022 10:57
861,19/04/2022 10:58
862,19/04/2022 10:59
863,19/04/2022 11:00
864,19/04/2022 11:01
865,19/04/2022 11:02
866,19/04/2022 11:03
867,19/04/2022 11:04
868,19/04/2022 11:05
869,19/04/2022 11:06
870,19/04/2022 11:07
871,19/04/2022 11:08
872,19/04/2022 11:09
873,19/04/2022 11:10
874,19/04/2022 11:11
875,19/04/2022 11:12
876,19/04/2022 11:13
877,19/04/2022 11:14
878,19/04/2022 11:15
879,19/04/2022 11:16
880,19/04/2022 11:17
881,19/04/2022 11:18
882,19/04/2022 11:19
883,19/04/2022 11:20
884,19/04/2022 11:21
885,19/04/2022 11:22
886,19/04/2022 11:23
887,19/04/2022 11:24
888,19/04/2022 11:25
889,19/04/2022 11:26
890,19/04/2022 11:27
891,19/04/2022 11:28
892,19/04/2022 11:29
893,19/04/2022 11:30
894,19/04/2022 11:31
895,19/04/2022 11:32
896,19/04/2022 11:33
897,19/04/2022 11:34
898,19/04/2022 11:35
899,19/04/2022 11:36
900,19/04/2022 11:37
901,19/04/2022 11:38
902,19/04/2022 11:39
903,19/04/2022 11:40
904,19/04/2022 11:41
905,19/04/2022 11:42
906,19/04/2022 11:43
907,19/04/2022 11:44
908,19/04/2022 11:45
909,19/04/2022 11:46
910,19/04/2022 11:47
911,19/04/2022 11:48
912,19/04/2022 11:49
913,19/04/2022 11:50
914,19/04/2022 11:51
915,19/04/2022 11:52
916,19/04/2022 11:53
917,19/04/2022 11:54
918,19/04/2022 11:55
919,19/04/2022 11:56
920,19/04/2022 11:57
921,19/04/2022 11:58
922,19/04/2022 11:59
923,19/04/2022 12:00
924,19/04/2022 12:01
925,19/04/2022 12:02
926,19/04/2022 12:03
927,19/04/2022 12:04
928,19/04/2022 12:05
929,19/04/2022 12:06
930,19/04/2022 12:07
931,19/04/2022 12:08
932,19/04/2022 12:09
933,19/04/2022 12:10
934,19/04/2022 12:11
935,19/04/2022 12:12
936,19/04/2022 12:13
937,19/04/2022 12:14
938,19/04/2022 12:15
939,19/04/2022 12:16
940,19/04/2022 12:17
941,19/04/2022 12:18
942,19/04/2022 12:19
943,19/04/2022 12:20
944,19/04/2022 12:21
945,19/04/2022 12:22
946,19/04/2022 12:23
947,19/04/2022 12:24
948,19/04/2022 12:25
949,19/04/2022 12:26
950,19/04/2022 12:27
951,19/04/2022 12:28
952,19/04/2022 12:29
953,19/04/2022 12:30
954,19/04/2022 12:31
955,19/04/2022 12:32
956,19/04/2022 12:33
957,19/04/2022 12:34
958,19/04/2022 12:35
959,19/04/2022 12:36
960,19/04/2022 12:37
961,19/04/2022 12:38
962,19/04/2022 12:39
963,19/04/2022 12:40
964,19/04/2022 12:41
965,19/04/2022 12:42
966,19/04/2022 12:43
967,19/04/2022 12:44
968,19/04/2022 12:45
969,19/04/2022 12:46
970,19/04/2022 12:47
971,19/04/2022 12:48
972,19/04/2022 12:49
973,19/04/2022 12:50
974,19/04/2022 12:51
975,19/04/2022 12:52
976,19/04/2022 12:53
977,19/04/2022 12:54
978,19/04/2022 12:55
979,19/04/2022 12:56
980,19/04/2022 12:57
981,19/04/2022 12:58
982,19/04/2022 12:59
983,19/04/2022 13:00
984,19/04/2022 13:01
985,19/04/2022 13:02
986,19/04/2022 13:03
987,19/04/2022 13:04
988,19/04/2022 13:05
989,19/04/2022 13:06
990,19/04/2022 13:07
991,19/04/2022 13:08
992,19/04/2022 13:09
993,19/04/2022 13:10
994,19/04/2022 13:11
995,19/04/2022 13:12
996,19/04/2022 13:13
997,19/04/2022 13:14
998,19/04/2022 13:15
999,19/04/2022 13:16
1000,19/04/2022 13:17
1001,19/04/2022 13:18
1002,19/04/2022 13:19
1003,19/04/2022 13:20
1004,19/04/2022 13:21
1005,19/04/2022 13:22
1006,19/04/2022 13:23
1007,19/04/2022 13:24
1008,19/04/2022 13:25
1009,19/04/2022 13:26
1010,19/04/2022 13:27
1011,19/04/2022 13:28
1012,19/04/2022 13:29
1013,19/04/2022 13:30
1014,19/04/2022 13:31
1015,19/04/2022 13:32
1016,19/04/2022 13:33
1017,19/04/2022 13:34
1018,19/04/2022 13:35
1019,19/04/2022 13:36
1020,19/04/2022 13:37
1021,19/04/2022 13:38
1022,19/04/2022 13:39
1023,19/04/2022 13:40
1024,19/04/2022 13:41
1025,19/04/2022 13:42
1026,19/04/2022 13:43
1027,19/04/2022 13:44
1028,19/04/2022 13:45
1029,19/04/2022 13:46
1030,19/04/2022 13:47
1031,19/04/2022 13:48
1032,19/04/2022 13:49
1033,19/04/2022 13:50
1034,19/04/2022 13:51
1035,19/04/2022 13:52
1036,19/04/2022 13:53
1037,19/04/2022 13:55
1038,19/04/2022 13:56
1039,19/04/2022 13:57
1040,19/04/2022 13:58
1041,19/04/2022 13:59
1042,19/04/2022 14:00
1043,19/04/2022 14:01
1044,19/04/2022 14:02
1045,19/04/2022 14:03
1046,19/04/2022 14:04
1047,19/04/2022 14:05
1048,19/04/2022 14:06
1049,19/04/2022 14:07
1050,19/04/2022 14:08
1051,19/04/2022 14:09
1052,19/04/2022 14:10
1053,19/04/2022 14:11
1054,19/04/2022 14:12
1055,19/04/2022 14:13
1056,19/04/2022 14:14
1057,19/04/2022 14:15
1058,19/04/2022 14:16
1059,19/04/2022 14:17
1060,19/04/2022 14:18
1061,19/04/2022 14:19
1062,19/04/2022 14:20
1063,19/04/2022 14:21
1064,19/04/2022 14:22
1065,19/04/2022 14:23
1066,19/04/2022 14:24
1067,19/04/2022 14:25
1068,19/04/2022 14:26
1069,19/04/2022 14:27
1070,19/04/2022 14:28
1071,19/04/2022 14:29
1072,19/04/2022 14:30
1073,19/04/2022 14:31
1074,19/04/2022 14:32
1075,19/04/2022 14:33
1076,19/04/2022 14:34
1077,19/04/2022 14:35
1078,19/04/2022 14:36
1079,19/04/2022 14:37
1080,19/04/2022 14:38
1081,19/04/2022 14:39
1082,19/04/2022 14:40
1083,19/04/2022 14:41
1084,19/04/2022 14:42
1085,19/04/2022 14:43
1086,19/04/2022 14:44
1087,19/04/2022 14:45
1088,19/04/2022 14:46
1089,19/04/2022 14:47
1090,19/04/2022 14:48
1091,19/04/2022 14:49
1092,19/04/2022 14:50
1093,19/04/2022 14:51
1094,19/04/2022 14:52
1095,19/04/2022 14:53
1096,19/04/2022 14:54
1097,19/04/2022 14:55
1098,19/04/2022 14:56
1099,19/04/2022 14:57
1100,19/04/2022 14:58
1101,19/04/2022 14:59
1102,19/04/2022 15:00
1103,19/04/2022 15:01
1104,19/04/2022 15:02
1105,19/04/2022 15:03
1106,19/04/2022 15:04
1107,19/04/2022 15:05
1108,19/04/2022 15:06
1109,19/04/2022 15:07
1110,19/04/2022 15:08
1111,19/04/2022 15:09
1112,19/04/2022 15:10
1113,19/04/2022 15:11
1114,19/04/2022 15:12
1115,19/04/2022 15:13
1116,19/04/2022 15:14
1117,19/04/2022 15:15
1118,19/04/2022 15:16
1119,19/04/2022 15:17
1120,19/04/2022 15:18
1121,19/04/2022 15:19
1122,19/04/2022 15:20
1123,19/04/2022 15:21
1124,19/04/2022 15:22
1125,19/04/2022 15:23
1126,19/04/2022 15:24
1127,19/04/2022 15:25
1128,19/04/2022 15:26
1129,19/04/2022 15:27
1130,19/04/2022 15:28
1131,19/04/2022 15:29
1132,19/04/2022 15:30
1133,19/04/2022 15:31
1134,19/04/2022 15:32
1135,19/04/2022 15:33
1136,19/04/2022 15:34
1137,19/04/2022 15:35
1138,19/04/2022 15:36
1139,19/04/2022 15:37
1140,19/04/2022 15:38
1141,19/04/2022 15:39
1142,19/04/2022 15:40
1143,19/04/2022 15:41
1144,19/04/2022 15:42
1145,19/04/2022 15:43
1146,19/04/2022 15:44
1147,19/04/2022 15:45
1148,19/04/2022 15:46
1149,19/04/2022 15:47
1150,19/04/2022 15:48
1151,19/04/2022 15:49
1152,19/04/2022 15:50
1153,19/04/2022 15:51
1154,19/04/2022 15:52
1155,19/04/2022 15:53
1156,19/04/2022 15:54
1157,19/04/2022 15:55
1158,19/04/2022 15:56
1159,19/04/2022 15:57
1160,19/04/2022 15:58
1161,19/04/2022 15:59
1162,19/04/2022 16:00
1163,19/04/2022 16:01
1164,19/04/2022 16:02
1165,19/04/2022 16:03
1166,19/04/2022 16:04
1167,19/04/2022 16:05
1168,19/04/2022 16:06
1169,19/04/2022 16:07
1170,19/04/2022 16:08
1171,19/04/2022 16:09
1172,19/04/2022 16:10
1173,19/04/2022 16:11
1174,19/04/2022 16:12
1175,19/04/2022 16:13
1176,19/04/2022 16:14
1177,19/04/2022 16:15
1178,19/04/2022 16:16
1179,19/04/2022 16:17
1180,19/04/2022 16:18
1181,19/04/2022 16:19
1182,19/04/2022 16:20
1183,19/04/2022 16:21
1184,19/04/2022 16:22
1185,19/04/2022 16:23
1186,19/04/2022 16:24
1187,19/04/2022 16:25
1188,19/04/2022 16:26
1189,19/04/2022 16:27
1190,19/04/2022 16:28
1191,19/04/2022 16:29
1192,19/04/2022 16:30
1193,19/04/2022 16:31
1194,19/04/2022 16:32
1195,19/04/2022 16:33
1196,19/04/2022 16:34
1197,19/04/2022 16:35
1198,19/04/2022 16:36
1199,19/04/2022 16:37
1200,19/04/2022 16:38
1201,19/04/2022 16:39
1202,19/04/2022 16:40
1203,19/04/2022 16:41
1204,19/04/2022 16:42
1205,19/04/2022 16:43
1206,19/04/2022 16:44
1207,19/04/2022 16:45
1208,19/04/2022 16:46
1209,19/04/2022 16:47
1210,19/04/2022 16:48
1211,19/04/2022 16:49
1212,19/04/2022 16:50
1213,19/04/2022 16:51
1214,19/04/2022 16:52
1215,19/04/2022 16:53
1216,19/04/2022 16:54
1217,19/04/2022 16:55
1218,19/04/2022 16:56
1219,19/04/2022 16:57
1220,19/04/2022 16:58
1221,19/04/2022 16:59
1222,19/04/2022 17:03
1223,19/04/2022 17:11
1224,19/04/2022 17:21
1225,19/04/2022 17:28
1226,19/04/2022 17:43
1227,19/04/2022 17:55
1228,19/04/2022 17:57
1229,19/04/2022 18:33
1230,19/04/2022 21:23
1231,19/04/2022 21:36
1232,19/04/2022 21:38
1233,19/04/2022 21:49
1234,19/04/2022 21:50
1235,19/04/2022 22:03
1236,19/04/2022 22:04
1237,19/04/2022 22:37
1238,19/04/2022 23:13
1239,19/04/2022 23:14
1240,19/04/2022 23:17
1241,19/04/2022 23:18
1242,19/04/2022 23:19
1243,19/04/2022 23:24
1244,19/04/2022 23:33
1245,19/04/2022 23:43
1246,20/04/2022 00:31
1247,20/04/2022 00:41
1248,20/04/2022 00:58
1249,20/04/2022 01:22
1250,20/04/2022 07:00
1251,20/04/2022 07:01
1252,20/04/2022 07:02
1253,20/04/2022 07:03
1254,20/04/2022 07:04
1255,20/04/2022 07:05
1256,20/04/2022 07:06
1257,20/04/2022 07:07
1258,20/04/2022 07:08
1259,20/04/2022 07:09
1260,20/04/2022 07:10
1261,20/04/2022 07:11
1262,20/04/2022 07:12
1263,20/04/2022 07:13
1264,20/04/2022 07:14
1265,20/04/2022 07:15
1266,20/04/2022 07:16
1267,20/04/2022 07:17
1268,20/04/2022 07:18
1269,20/04/2022 07:19
1270,20/04/2022 07:20
1271,20/04/2022 07:21
1272,20/04/2022 07:22
1273,20/04/2022 07:25
1274,20/04/2022 07:26
1275,20/04/2022 07:27
1276,20/04/2022 07:28
1277,20/04/2022 07:29
1278,20/04/2022 07:30
1279,20/04/2022 07:31
1280,20/04/2022 07:32
1281,20/04/2022 07:33
1282,20/04/2022 07:35
1283,20/04/2022 07:36
1284,20/04/2022 07:37
1285,20/04/2022 07:38
1286,20/04/2022 07:39
1287,20/04/2022 07:40
1288,20/04/2022 07:41
1289,20/04/2022 07:42
1290,20/04/2022 07:44
1291,20/04/2022 07:45
1292,20/04/2022 07:46
1293,20/04/2022 07:47
1294,20/04/2022 07:48
1295,20/04/2022 07:49
1296,20/04/2022 07:50
1297,20/04/2022 07:51
1298,20/04/2022 07:52
1299,20/04/2022 07:53
1300,20/04/2022 07:54
1301,20/04/2022 07:55
1302,20/04/2022 07:56
1303,20/04/2022 07:57
1304,20/04/2022 07:58
1305,20/04/2022 07:59
1306,20/04/2022 08:00
1307,20/04/2022 08:01
1308,20/04/2022 08:02
1309,20/04/2022 08:03
1310,20/04/2022 08:04
1311,20/04/2022 08:05
1312,20/04/2022 08:06
1313,20/04/2022 08:07
1314,20/04/2022 08:08
1315,20/04/2022 08:09
1316,20/04/2022 08:10
1317,20/04/2022 08:11
1318,20/04/2022 08:13
1319,20/04/2022 08:14
1320,20/04/2022 08:15
1321,20/04/2022 08:16
1322,20/04/2022 08:17
1323,20/04/2022 08:18
1324,20/04/2022 08:20
1325,20/04/2022 08:21
1326,20/04/2022 08:22
1327,20/04/2022 08:23
1328,20/04/2022 08:24
1329,20/04/2022 08:25
1330,20/04/2022 08:26
1331,20/04/2022 08:27
1332,20/04/2022 08:28
1333,20/04/2022 08:29
1334,20/04/2022 08:30
1335,20/04/2022 08:31
1336,20/04/2022 08:32
1337,20/04/2022 08:33
1338,20/04/2022 08:34
1339,20/04/2022 08:35
1340,20/04/2022 08:36
1341,20/04/2022 08:37
1342,20/04/2022 08:38
1343,20/04/2022 08:39
1344,20/04/2022 08:40
1345,20/04/2022 08:41
1346,20/04/2022 08:42
1347,20/04/2022 08:43
1348,20/04/2022 08:44
1349,20/04/2022 08:45
1350,20/04/2022 08:46
1351,20/04/2022 10:38
1352,20/04/2022 10:39
1353,20/04/2022 10:40
1354,20/04/2022 10:41
1355,20/04/2022 10:42
1356,20/04/2022 10:43
1357,20/04/2022 10:44
1358,20/04/2022 10:45
1359,20/04/2022 10:46
1360,20/04/2022 10:47
1361,20/04/2022 10:48
1362,20/04/2022 10:49
1363,20/04/2022 10:50
1364,20/04/2022 10:51
1365,20/04/2022 10:52
1366,20/04/2022 10:53
1367,20/04/2022 10:54
1368,20/04/2022 10:55
1369,20/04/2022 10:56
1370,20/04/2022 10:58
1371,20/04/2022 10:59
1372,20/04/2022 11:00
1373,20/04/2022 11:01
1374,20/04/2022 11:02
1375,20/04/2022 11:04
1376,20/04/2022 11:08
1377,20/04/2022 11:09
1378,20/04/2022 11:10
1379,20/04/2022 11:11
1380,20/04/2022 11:12
1381,20/04/2022 11:13
1382,20/04/2022 11:14
1383,20/04/2022 11:15
1384,20/04/2022 11:16
1385,20/04/2022 11:17
1386,20/04/2022 11:18
1387,20/04/2022 11:20
1388,20/04/2022 11:21
1389,20/04/2022 11:22
1390,20/04/2022 11:23
1391,20/04/2022 11:24
1392,20/04/2022 11:25
1393,20/04/2022 11:26
1394,20/04/2022 11:27
1395,20/04/2022 11:28
1396,20/04/2022 11:29
1397,20/04/2022 11:32
1398,20/04/2022 11:33
1399,20/04/2022 11:34
1400,20/04/2022 11:35
1401,20/04/2022 11:36
1402,20/04/2022 11:37
1403,20/04/2022 11:38
1404,20/04/2022 11:40
1405,20/04/2022 11:41
1406,20/04/2022 11:42
1407,20/04/2022 11:43
1408,20/04/2022 11:44
1409,20/04/2022 11:45
1410,20/04/2022 11:46
1411,20/04/2022 11:47
1412,20/04/2022 11:48
1413,20/04/2022 11:49
1414,20/04/2022 11:50
1415,20/04/2022 11:52
1416,20/04/2022 11:53
1417,20/04/2022 11:54
1418,20/04/2022 11:55
1419,20/04/2022 11:56
1420,20/04/2022 11:57
1421,20/04/2022 11:58
1422,20/04/2022 11:59
1423,20/04/2022 12:00
1424,20/04/2022 12:01
1425,20/04/2022 12:02
1426,20/04/2022 12:03
1427,20/04/2022 12:04
1428,20/04/2022 12:05
1429,20/04/2022 12:06
1430,20/04/2022 12:07
1431,20/04/2022 12:08
1432,20/04/2022 12:09
1433,20/04/2022 12:10
1434,20/04/2022 12:11
1435,20/04/2022 12:12
1436,20/04/2022 12:13
1437,20/04/2022 12:14
1438,20/04/2022 12:15
1439,20/04/2022 12:16
1440,20/04/2022 12:17
1441,20/04/2022 12:18
1442,20/04/2022 12:19
1443,20/04/2022 12:20
1444,20/04/2022 12:21
1445,20/04/2022 12:23
1446,20/04/2022 12:24
1447,20/04/2022 12:25
1448,20/04/2022 12:26
1449,20/04/2022 12:27
1450,20/04/2022 12:28
1451,20/04/2022 12:29
1452,20/04/2022 12:30
1453,20/04/2022 12:31
1454,20/04/2022 12:32
1455,20/04/2022 12:33
1456,20/04/2022 12:34
1457,20/04/2022 12:35
1458,20/04/2022 12:36
1459,20/04/2022 12:37
1460,20/04/2022 12:38
1461,20/04/2022 12:39
1462,20/04/2022 12:40
1463,20/04/2022 12:41
1464,20/04/2022 12:42
1465,20/04/2022 12:43
1466,20/04/2022 12:44
1467,20/04/2022 12:45
1468,20/04/2022 12:46
1469,20/04/2022 12:47
1470,20/04/2022 12:48
1471,20/04/2022 12:49
1472,20/04/2022 12:50
1473,20/04/2022 12:51
1474,20/04/2022 12:52
1475,20/04/2022 12:53
1476,20/04/2022 12:54
1477,20/04/2022 12:55
1478,20/04/2022 12:56
1479,20/04/2022 12:57
1480,20/04/2022 12:58
1481,20/04/2022 12:59
1482,20/04/2022 13:00
1483,20/04/2022 13:01
1484,20/04/2022 13:02
1485,20/04/2022 13:03
1486,20/04/2022 13:04
1487,20/04/2022 13:05
1488,20/04/2022 13:06
1489,20/04/2022 13:07
1490,20/04/2022 13:08
1491,20/04/2022 13:09
1492,20/04/2022 13:10
1493,20/04/2022 13:11
1494,20/04/2022 13:12
1495,20/04/2022 13:13
1496,20/04/2022 13:14
1497,20/04/2022 13:15
1498,20/04/2022 13:16
1499,20/04/2022 13:17
1500,20/04/2022 13:18
1501,20/04/2022 13:19
1502,20/04/2022 13:20
1503,20/04/2022 13:21
1504,20/04/2022 13:22
1505,20/04/2022 13:23
1506,20/04/2022 13:24
1507,20/04/2022 13:25
1508,20/04/2022 13:26
1509,20/04/2022 13:27
1510,20/04/2022 13:28
1511,20/04/2022 13:29
1512,20/04/2022 13:30
1513,20/04/2022 13:31
1514,20/04/2022 13:32
1515,20/04/2022 13:33
1516,20/04/2022 13:34
1517,20/04/2022 13:35
1518,20/04/2022 13:36
1519,20/04/2022 13:37
1520,20/04/2022 13:38
1521,20/04/2022 13:39
1522,20/04/2022 13:40
1523,20/04/2022 13:41
1524,20/04/2022 13:42
1525,20/04/2022 13:43
1526,20/04/2022 13:44
1527,20/04/2022 13:45
1528,20/04/2022 13:46
1529,20/04/2022 13:47
1530,20/04/2022 13:48
1531,20/04/2022 13:49
1532,20/04/2022 13:50
1533,20/04/2022 13:51
1534,20/04/2022 13:52
1535,20/04/2022 13:53
1536,20/04/2022 13:54
1537,20/04/2022 13:55
1538,20/04/2022 13:56
1539,20/04/2022 13:57
1540,20/04/2022 13:58
1541,20/04/2022 13:59
1542,20/04/2022 14:00
1543,20/04/2022 14:01
1544,20/04/2022 14:02
1545,20/04/2022 14:03
1546,20/04/2022 14:04
1547,20/04/2022 14:05
1548,20/04/2022 14:06
1549,20/04/2022 14:07
1550,20/04/2022 14:08
1551,20/04/2022 14:09
1552,20/04/2022 14:10
1553,20/04/2022 14:11
1554,20/04/2022 14:12
1555,20/04/2022 14:13
1556,20/04/2022 14:14
1557,20/04/2022 14:15
1558,20/04/2022 14:16
1559,20/04/2022 14:17
1560,20/04/2022 14:18
1561,20/04/2022 14:19
1562,20/04/2022 14:20
1563,20/04/2022 14:21
1564,20/04/2022 14:22
1565,20/04/2022 14:23
1566,20/04/2022 14:24
1567,20/04/2022 14:25
1568,20/04/2022 14:26
1569,20/04/2022 14:27
1570,20/04/2022 14:28
1571,20/04/2022 14:29
1572,20/04/2022 14:30
1573,20/04/2022 14:31
1574,20/04/2022 14:32
1575,20/04/2022 14:33
1576,20/04/2022 14:34
1577,20/04/2022 14:35
1578,20/04/2022 14:36
1579,20/04/2022 14:37
1580,20/04/2022 14:38
1581,20/04/2022 14:39
1582,20/04/2022 14:40
1583,20/04/2022 14:41
1584,20/04/2022 14:42
1585,20/04/2022 14:43
1586,20/04/2022 14:44
1587,20/04/2022 14:45
1588,20/04/2022 14:46
1589,20/04/2022 14:47
1590,20/04/2022 14:48
1591,20/04/2022 14:49
1592,20/04/2022 14:50
1593,20/04/2022 14:51
1594,20/04/2022 14:52
1595,20/04/2022 14:53
1596,20/04/2022 14:54
1597,20/04/2022 14:55
1598,20/04/2022 14:56
1599,20/04/2022 14:57
1600,20/04/2022 14:58
1601,20/04/2022 14:59
1602,20/04/2022 15:00
1603,20/04/2022 15:01
1604,20/04/2022 15:02
1605,20/04/2022 15:03
1606,20/04/2022 15:04
1607,20/04/2022 15:05
1608,20/04/2022 15:06
1609,20/04/2022 15:07
1610,20/04/2022 15:08
1611,20/04/2022 15:09
1612,20/04/2022 15:10
1613,20/04/2022 15:11
1614,20/04/2022 15:12
1615,20/04/2022 15:13
1616,20/04/2022 15:14
1617,20/04/2022 15:15
1618,20/04/2022 15:16
1619,20/04/2022 15:17
1620,20/04/2022 15:18
1621,20/04/2022 15:19
1622,20/04/2022 15:20
1623,20/04/2022 15:21
1624,20/04/2022 15:22
1625,20/04/2022 15:23
1626,20/04/2022 15:24
1627,20/04/2022 15:25
1628,20/04/2022 15:26
1629,20/04/2022 15:27
1630,20/04/2022 15:28
1631,20/04/2022 15:29
1632,20/04/2022 15:30
1633,20/04/2022 15:31
1634,20/04/2022 15:32
1635,20/04/2022 15:33
1636,20/04/2022 15:34
1637,20/04/2022 15:35
1638,20/04/2022 15:36
1639,20/04/2022 15:37
1640,20/04/2022 15:38
1641,20/04/2022 15:39
1642,20/04/2022 15:40
1643,20/04/2022 15:41
1644,20/04/2022 15:42
1645,20/04/2022 15:43
1646,20/04/2022 15:44
1647,20/04/2022 15:45
1648,20/04/2022 15:46
1649,20/04/2022 15:47
1650,20/04/2022 15:48
1651,20/04/2022 15:49
1652,20/04/2022 15:50
1653,20/04/2022 15:51
1654,20/04/2022 15:52
1655,20/04/2022 15:53
1656,20/04/2022 15:54
1657,20/04/2022 15:55
1658,20/04/2022 15:56
1659,20/04/2022 15:57
1660,20/04/2022 15:58
1661,20/04/2022 15:59
1662,20/04/2022 16:00
1663,20/04/2022 16:01
1664,20/04/2022 16:02
1665,20/04/2022 16:03
1666,20/04/2022 16:04
1667,20/04/2022 16:05
1668,20/04/2022 16:06
1669,20/04/2022 16:07
1670,20/04/2022 16:08
1671,20/04/2022 16:09
1672,20/04/2022 16:10
1673,20/04/2022 16:11
1674,20/04/2022 16:12
1675,20/04/2022 16:13
1676,20/04/2022 16:14
1677,20/04/2022 16:15
1678,20/04/2022 16:16
1679,20/04/2022 16:17
1680,20/04/2022 16:18
1681,20/04/2022 16:19
1682,20/04/2022 16:20
1683,20/04/2022 16:21
1684,20/04/2022 16:22
1685,20/04/2022 16:23
1686,20/04/2022 16:24
1687,20/04/2022 16:25
1688,20/04/2022 16:26
1689,20/04/2022 16:27
1690,20/04/2022 16:28
1691,20/04/2022 16:29
1692,20/04/2022 16:30
1693,20/04/2022 16:31
1694,20/04/2022 16:32
1695,20/04/2022 16:33
1696,20/04/2022 16:34
1697,20/04/2022 16:35
1698,20/04/2022 16:36
1699,20/04/2022 16:37
1700,20/04/2022 16:38
1701,20/04/2022 16:39
1702,20/04/2022 16:40
1703,20/04/2022 16:41
1704,20/04/2022 16:42
1705,20/04/2022 16:43
1706,20/04/2022 16:44
1707,20/04/2022 16:45
1708,20/04/2022 16:46
1709,20/04/2022 16:47
1710,20/04/2022 16:48
1711,20/04/2022 16:49
1712,20/04/2022 16:50
1713,20/04/2022 16:51
1714,20/04/2022 16:52
1715,20/04/2022 16:53
1716,20/04/2022 16:54
1717,20/04/2022 16:55
1718,20/04/2022 16:56
1719,20/04/2022 16:57
1720,20/04/2022 16:58
1721,20/04/2022 16:59
1722,20/04/2022 17:04
1723,20/04/2022 17:10
1724,20/04/2022 17:11
1725,20/04/2022 17:12
1726,20/04/2022 17:32
1727,20/04/2022 18:03
1728,20/04/2022 18:20
1729,20/04/2022 18:25
1730,20/04/2022 18:38
1731,20/04/2022 18:39
1732,20/04/2022 18:40
1733,20/04/2022 18:43
1734,20/04/2022 18:47
1735,20/04/2022 18:50
1736,20/04/2022 18:51
1737,20/04/2022 18:56
1738,20/04/2022 18:58
1739,20/04/2022 18:59
1740,20/04/2022 19:06
1741,20/04/2022 19:12
1742,20/04/2022 19:26
1743,20/04/2022 19:30
1744,20/04/2022 19:31
1745,20/04/2022 20:32
1746,20/04/2022 22:28
1747,20/04/2022 23:38
1748,21/04/2022 00:32
1749,21/04/2022 00:33
1750,21/04/2022 01:06
1751,21/04/2022 01:18
1752,21/04/2022 07:00
1753,21/04/2022 07:01
1754,21/04/2022 07:02
1755,21/04/2022 07:03
1756,21/04/2022 07:04
1757,21/04/2022 07:05
1758,21/04/2022 07:06
1759,21/04/2022 07:07
1760,21/04/2022 07:08
1761,21/04/2022 07:09
1762,21/04/2022 07:10
1763,21/04/2022 07:11
1764,21/04/2022 07:12
1765,21/04/2022 07:14
1766,21/04/2022 07:15
1767,21/04/2022 07:16
1768,21/04/2022 07:17
1769,21/04/2022 07:18
1770,21/04/2022 07:20
1771,21/04/2022 07:21
1772,21/04/2022 07:22
1773,21/04/2022 07:24
1774,21/04/2022 07:25
1775,21/04/2022 07:26
1776,21/04/2022 07:27
1777,21/04/2022 07:28
1778,21/04/2022 07:29
1779,21/04/2022 07:30
1780,21/04/2022 07:31
1781,21/04/2022 07:32
1782,21/04/2022 07:33
1783,21/04/2022 07:34
1784,21/04/2022 07:35
1785,21/04/2022 07:36
1786,21/04/2022 07:37
1787,21/04/2022 07:38
1788,21/04/2022 07:39
1789,21/04/2022 07:40
1790,21/04/2022 07:41
1791,21/04/2022 07:42
1792,21/04/2022 07:43
1793,21/04/2022 07:44
1794,21/04/2022 07:45
1795,21/04/2022 07:46
1796,21/04/2022 07:47
1797,21/04/2022 07:48
1798,21/04/2022 07:49
1799,21/04/2022 07:50
1800,21/04/2022 07:51
1801,21/04/2022 07:52
1802,21/04/2022 07:53
1803,21/04/2022 07:54
1804,21/04/2022 07:55
1805,21/04/2022 07:56
1806,21/04/2022 07:57
1807,21/04/2022 07:58
1808,21/04/2022 07:59
1809,21/04/2022 08:00
1810,21/04/2022 08:01
1811,21/04/2022 08:02
1812,21/04/2022 08:03
1813,21/04/2022 08:04
1814,21/04/2022 08:05
1815,21/04/2022 08:06
1816,21/04/2022 08:07
1817,21/04/2022 08:08
1818,21/04/2022 08:09
1819,21/04/2022 08:10
1820,21/04/2022 08:11
1821,21/04/2022 08:12
1822,21/04/2022 08:13
1823,21/04/2022 08:14
1824,21/04/2022 08:15
1825,21/04/2022 08:16
1826,21/04/2022 08:17
1827,21/04/2022 08:18
1828,21/04/2022 08:19
1829,21/04/2022 08:20
1830,21/04/2022 08:21
1831,21/04/2022 08:22
1832,21/04/2022 08:23
1833,21/04/2022 08:24
1834,21/04/2022 08:25
1835,21/04/2022 08:26
1836,21/04/2022 08:27
1837,21/04/2022 08:28
1838,21/04/2022 08:29
1839,21/04/2022 08:30
1840,21/04/2022 08:31
1841,21/04/2022 08:32
1842,21/04/2022 08:33
1843,21/04/2022 08:34
1844,21/04/2022 08:35
1845,21/04/2022 08:36
1846,21/04/2022 08:37
1847,21/04/2022 08:38
1848,21/04/2022 08:39
1849,21/04/2022 08:40
1850,21/04/2022 08:41
1851,21/04/2022 08:42
1852,21/04/2022 08:43
1853,21/04/2022 08:44
1854,21/04/2022 08:45
1855,21/04/2022 08:46
1856,21/04/2022 08:47
1857,21/04/2022 08:48
1858,21/04/2022 08:49
1859,21/04/2022 08:50
1860,21/04/2022 08:52
1861,21/04/2022 08:53
1862,21/04/2022 08:54
1863,21/04/2022 08:55
1864,21/04/2022 08:57
1865,21/04/2022 08:58
1866,21/04/2022 08:59
1867,21/04/2022 09:00
1868,21/04/2022 09:01
1869,21/04/2022 09:02
1870,21/04/2022 09:03
1871,21/04/2022 09:04
1872,21/04/2022 09:05
1873,21/04/2022 09:06
1874,21/04/2022 09:07
1875,21/04/2022 09:08
1876,21/04/2022 09:09
1877,21/04/2022 09:10
1878,21/04/2022 09:11
1879,21/04/2022 09:12
1880,21/04/2022 09:13
1881,21/04/2022 09:14
1882,21/04/2022 09:15
1883,21/04/2022 09:16
1884,21/04/2022 09:17
1885,21/04/2022 09:18
1886,21/04/2022 09:19
1887,21/04/2022 09:20
1888,21/04/2022 09:21
1889,21/04/2022 09:22
1890,21/04/2022 09:23
1891,21/04/2022 09:24
1892,21/04/2022 09:25
1893,21/04/2022 09:26
1894,21/04/2022 09:27
1895,21/04/2022 09:28
1896,21/04/2022 09:29
1897,21/04/2022 09:30
1898,21/04/2022 09:31
1899,21/04/2022 09:32
1900,21/04/2022 09:33
1901,21/04/2022 09:34
1902,21/04/2022 09:35
1903,21/04/2022 09:36
1904,21/04/2022 09:37
1905,21/04/2022 09:38
1906,21/04/2022 09:39
1907,21/04/2022 09:40
1908,21/04/2022 09:41
1909,21/04/2022 09:42
1910,21/04/2022 09:43
1911,21/04/2022 09:44
1912,21/04/2022 09:45
1913,21/04/2022 09:46
1914,21/04/2022 09:47
1915,21/04/2022 09:48
1916,21/04/2022 09:49
1917,21/04/2022 09:50
1918,21/04/2022 09:51
1919,21/04/2022 09:52
1920,21/04/2022 09:53
1921,21/04/2022 09:54
1922,21/04/2022 09:55
1923,21/04/2022 09:56
1924,21/04/2022 09:57
1925,21/04/2022 09:58
1926,21/04/2022 09:59
1927,21/04/2022 10:00
1928,21/04/2022 10:01
1929,21/04/2022 10:02
1930,21/04/2022 10:03
1931,21/04/2022 10:04
1932,21/04/2022 10:05
1933,21/04/2022 10:06
1934,21/04/2022 10:07
1935,21/04/2022 10:08
1936,21/04/2022 10:09
1937,21/04/2022 10:10
1938,21/04/2022 10:11
1939,21/04/2022 10:12
1940,21/04/2022 10:13
1941,21/04/2022 10:14
1942,21/04/2022 10:15
1943,21/04/2022 10:16
1944,21/04/2022 10:17
1945,21/04/2022 10:18
1946,21/04/2022 10:19
1947,21/04/2022 10:20
1948,21/04/2022 10:21
1949,21/04/2022 10:22
1950,21/04/2022 10:23
1951,21/04/2022 10:24
1952,21/04/2022 10:25
1953,21/04/2022 10:26
1954,21/04/2022 10:27
1955,21/04/2022 10:28
1956,21/04/2022 10:29
1957,21/04/2022 10:30
1958,21/04/2022 10:31
1959,21/04/2022 10:32
1960,21/04/2022 10:33
1961,21/04/2022 10:34
1962,21/04/2022 10:35
1963,21/04/2022 10:36
1964,21/04/2022 10:37
1965,21/04/2022 10:38
1966,21/04/2022 10:39
1967,21/04/2022 10:40
1968,21/04/2022 10:41
1969,21/04/2022 10:42
1970,21/04/2022 10:43
1971,21/04/2022 10:44
1972,21/04/2022 10:45
1973,21/04/2022 10:46
1974,21/04/2022 10:47
1975,21/04/2022 10:48
1976,21/04/2022 10:49
1977,21/04/2022 10:50
1978,21/04/2022 10:51
1979,21/04/2022 10:52
1980,21/04/2022 10:53
1981,21/04/2022 10:54
1982,21/04/2022 10:55
1983,21/04/2022 10:56
1984,21/04/2022 10:57
1985,21/04/2022 10:58
1986,21/04/2022 10:59
1987,21/04/2022 11:00
1988,21/04/2022 11:01
1989,21/04/2022 11:02
1990,21/04/2022 11:03
1991,21/04/2022 11:04
1992,21/04/2022 11:05
1993,21/04/2022 11:06
1994,21/04/2022 11:07
1995,21/04/2022 11:08
1996,21/04/2022 11:09
1997,21/04/2022 11:10
1998,21/04/2022 11:11
1999,21/04/2022 11:12
2000,21/04/2022 11:13
2001,21/04/2022 11:14
2002,21/04/2022 11:15
2003,21/04/2022 11:16
2004,21/04/2022 11:17
2005,21/04/2022 11:18
2006,21/04/2022 11:19
2007,21/04/2022 11:20
2008,21/04/2022 11:21
2009,21/04/2022 11:22
2010,21/04/2022 11:23
2011,21/04/2022 11:24
2012,21/04/2022 11:25
2013,21/04/2022 11:26
2014,21/04/2022 11:27
2015,21/04/2022 11:28
2016,21/04/2022 11:29
2017,21/04/2022 11:30
2018,21/04/2022 11:31
2019,21/04/2022 11:32
2020,21/04/2022 11:33
2021,21/04/2022 11:34
2022,21/04/2022 11:35
2023,21/04/2022 11:36
2024,21/04/2022 11:37
2025,21/04/2022 11:38
2026,21/04/2022 11:39
2027,21/04/2022 11:40
2028,21/04/2022 11:41
2029,21/04/2022 11:42
2030,21/04/2022 11:43
2031,21/04/2022 11:44
2032,21/04/2022 11:45
2033,21/04/2022 11:46
2034,21/04/2022 11:47
2035,21/04/2022 11:48
2036,21/04/2022 11:49
2037,21/04/2022 11:50
2038,21/04/2022 11:51
2039,21/04/2022 11:52
2040,21/04/2022 11:53
2041,21/04/2022 11:54
2042,21/04/2022 11:55
2043,21/04/2022 11:56
2044,21/04/2022 11:57
2045,21/04/2022 11:58
2046,21/04/2022 11:59
2047,21/04/2022 12:00
2048,21/04/2022 12:01
2049,21/04/2022 12:02
2050,21/04/2022 12:03
2051,21/04/2022 12:04
2052,21/04/2022 12:05
2053,21/04/2022 12:06
2054,21/04/2022 12:07
2055,21/04/2022 12:08
2056,21/04/2022 12:09
2057,21/04/2022 12:10
2058,21/04/2022 12:11
2059,21/04/2022 12:12
2060,21/04/2022 12:13
2061,21/04/2022 12:14
2062,21/04/2022 12:15
2063,21/04/2022 12:16
2064,21/04/2022 12:17
2065,21/04/2022 12:18
2066,21/04/2022 12:19
2067,21/04/2022 12:20
2068,21/04/2022 12:21
2069,21/04/2022 12:22
2070,21/04/2022 12:23
2071,21/04/2022 12:24
2072,21/04/2022 12:25
2073,21/04/2022 12:26
2074,21/04/2022 12:27
2075,21/04/2022 12:28
2076,21/04/2022 12:29
2077,21/04/2022 12:30
2078,21/04/2022 12:31
2079,21/04/2022 12:32
2080,21/04/2022 12:33
2081,21/04/2022 12:34
2082,21/04/2022 12:35
2083,21/04/2022 12:36
2084,21/04/2022 12:37
2085,21/04/2022 12:38
2086,21/04/2022 12:39
2087,21/04/2022 12:40
2088,21/04/2022 12:41
2089,21/04/2022 12:42
2090,21/04/2022 12:43
2091,21/04/2022 12:44
2092,21/04/2022 12:45
2093,21/04/2022 12:46
2094,21/04/2022 12:47
2095,21/04/2022 12:48
2096,21/04/2022 12:49
2097,21/04/2022 12:50
2098,21/04/2022 12:51
2099,21/04/2022 12:52
2100,21/04/2022 12:53
2101,21/04/2022 12:54
2102,21/04/2022 12:55
2103,21/04/2022 12:56
2104,21/04/2022 12:57
2105,21/04/2022 12:58
2106,21/04/2022 12:59
2107,21/04/2022 13:00
2108,21/04/2022 13:01
2109,21/04/2022 13:02
2110,21/04/2022 13:03
2111,21/04/2022 13:04
2112,21/04/2022 13:05
2113,21/04/2022 13:06
2114,21/04/2022 13:07
2115,21/04/2022 13:08
2116,21/04/2022 13:09
2117,21/04/2022 13:10
2118,21/04/2022 13:11
2119,21/04/2022 13:12
2120,21/04/2022 13:13
2121,21/04/2022 13:14
2122,21/04/2022 13:15
2123,21/04/2022 13:16
2124,21/04/2022 13:17
2125,21/04/2022 13:18
2126,21/04/2022 13:19
2127,21/04/2022 13:20
2128,21/04/2022 13:21
2129,21/04/2022 13:22
2130,21/04/2022 13:23
2131,21/04/2022 13:24
2132,21/04/2022 13:25
2133,21/04/2022 13:26
2134,21/04/2022 13:27
2135,21/04/2022 13:28
2136,21/04/2022 13:29
2137,21/04/2022 13:30
2138,21/04/2022 13:31
2139,21/04/2022 13:32
2140,21/04/2022 13:33
2141,21/04/2022 13:34
2142,21/04/2022 13:35
2143,21/04/2022 13:36
2144,21/04/2022 13:37
2145,21/04/2022 13:38
2146,21/04/2022 13:39
2147,21/04/2022 13:40
2148,21/04/2022 13:41
2149,21/04/2022 13:42
2150,21/04/2022 13:43
2151,21/04/2022 13:44
2152,21/04/2022 13:45
2153,21/04/2022 13:46
2154,21/04/2022 13:47
2155,21/04/2022 13:48
2156,21/04/2022 13:49
2157,21/04/2022 13:50
2158,21/04/2022 13:51
2159,21/04/2022 13:52
2160,21/04/2022 13:53
2161,21/04/2022 13:54
2162,21/04/2022 13:55
2163,21/04/2022 13:56
2164,21/04/2022 13:57
2165,21/04/2022 13:58
2166,21/04/2022 13:59
2167,21/04/2022 14:00
2168,21/04/2022 14:01
2169,21/04/2022 14:02
2170,21/04/2022 14:03
2171,21/04/2022 14:04
2172,21/04/2022 14:05
2173,21/04/2022 14:06
2174,21/04/2022 14:07
2175,21/04/2022 14:08
2176,21/04/2022 14:09
2177,21/04/2022 14:10
2178,21/04/2022 14:11
2179,21/04/2022 14:12
2180,21/04/2022 14:13
2181,21/04/2022 14:14
2182,21/04/2022 14:15
2183,21/04/2022 14:16
2184,21/04/2022 14:17
2185,21/04/2022 14:18
2186,21/04/2022 14:19
2187,21/04/2022 14:20
2188,21/04/2022 14:21
2189,21/04/2022 14:22
2190,21/04/2022 14:23
2191,21/04/2022 14:24
2192,21/04/2022 14:25
2193,21/04/2022 14:26
2194,21/04/2022 14:27
2195,21/04/2022 14:28
2196,21/04/2022 14:29
2197,21/04/2022 14:30
2198,21/04/2022 14:31
2199,21/04/2022 14:32
2200,21/04/2022 14:33
2201,21/04/2022 14:34
2202,21/04/2022 14:35
2203,21/04/2022 14:36
2204,21/04/2022 14:37
2205,21/04/2022 14:38
2206,21/04/2022 14:39
2207,21/04/2022 14:40
2208,21/04/2022 14:41
2209,21/04/2022 14:42
2210,21/04/2022 14:43
2211,21/04/2022 14:44
2212,21/04/2022 14:45
2213,21/04/2022 14:46
2214,21/04/2022 14:47
2215,21/04/2022 14:48
2216,21/04/2022 14:49
2217,21/04/2022 14:50
2218,21/04/2022 14:51
2219,21/04/2022 14:52
2220,21/04/2022 14:53
2221,21/04/2022 14:54
2222,21/04/2022 14:55
2223,21/04/2022 14:56
2224,21/04/2022 14:57
2225,21/04/2022 14:58
2226,21/04/2022 14:59
2227,21/04/2022 15:00
2228,21/04/2022 15:01
2229,21/04/2022 15:02
2230,21/04/2022 15:03
2231,21/04/2022 15:04
2232,21/04/2022 15:05
2233,21/04/2022 15:06
2234,21/04/2022 15:07
2235,21/04/2022 15:08
2236,21/04/2022 15:09
2237,21/04/2022 15:10
2238,21/04/2022 15:11
2239,21/04/2022 15:12
2240,21/04/2022 15:13
2241,21/04/2022 15:14
2242,21/04/2022 15:15
2243,21/04/2022 15:16
2244,21/04/2022 15:17
2245,21/04/2022 15:18
2246,21/04/2022 15:19
2247,21/04/2022 15:20
2248,21/04/2022 15:21
2249,21/04/2022 15:22
2250,21/04/2022 15:23
2251,21/04/2022 15:24
2252,21/04/2022 15:25
2253,21/04/2022 15:26
2254,21/04/2022 15:27
2255,21/04/2022 15:28
2256,21/04/2022 15:29
2257,21/04/2022 15:30
2258,21/04/2022 15:31
2259,21/04/2022 15:32
2260,21/04/2022 15:33
2261,21/04/2022 15:34
2262,21/04/2022 15:35
2263,21/04/2022 15:36
2264,21/04/2022 15:37
2265,21/04/2022 15:38
2266,21/04/2022 15:39
2267,21/04/2022 15:40
2268,21/04/2022 15:41
2269,21/04/2022 15:42
2270,21/04/2022 15:43
2271,21/04/2022 15:44
2272,21/04/2022 15:45
2273,21/04/2022 15:46
2274,21/04/2022 15:47
2275,21/04/2022 15:48
2276,21/04/2022 15:49
2277,21/04/2022 15:50
2278,21/04/2022 15:51
2279,21/04/2022 15:52
2280,21/04/2022 15:53
2281,21/04/2022 15:54
2282,21/04/2022 15:55
2283,21/04/2022 15:56
2284,21/04/2022 15:57
2285,21/04/2022 15:58
2286,21/04/2022 15:59
2287,21/04/2022 16:00
2288,21/04/2022 16:01
2289,21/04/2022 16:02
2290,21/04/2022 16:03
2291,21/04/2022 16:04
2292,21/04/2022 16:05
2293,21/04/2022 16:06
2294,21/04/2022 16:07
2295,21/04/2022 16:08
2296,21/04/2022 16:09
2297,21/04/2022 16:10
2298,21/04/2022 16:11
2299,21/04/2022 16:12
2300,21/04/2022 16:13
2301,21/04/2022 16:14
2302,21/04/2022 16:15
2303,21/04/2022 16:16
2304,21/04/2022 16:17
2305,21/04/2022 16:18
2306,21/04/2022 16:19
2307,21/04/2022 16:20
2308,21/04/2022 16:21
2309,21/04/2022 16:22
2310,21/04/2022 16:23
2311,21/04/2022 16:24
2312,21/04/2022 16:25
2313,21/04/2022 16:26
2314,21/04/2022 16:27
2315,21/04/2022 16:28
2316,21/04/2022 16:29
2317,21/04/2022 16:30
2318,21/04/2022 16:31
2319,21/04/2022 16:32
2320,21/04/2022 16:33
2321,21/04/2022 16:34
2322,21/04/2022 16:35
2323,21/04/2022 16:36
2324,21/04/2022 16:37
2325,21/04/2022 16:38
2326,21/04/2022 16:39
2327,21/04/2022 16:40
2328,21/04/2022 16:41
2329,21/04/2022 16:42
2330,21/04/2022 16:43
2331,21/04/2022 16:44
2332,21/04/2022 16:45
2333,21/04/2022 16:46
2334,21/04/2022 16:47
2335,21/04/2022 16:48
2336,21/04/2022 16:49
2337,21/04/2022 16:50
2338,21/04/2022 16:51
2339,21/04/2022 16:52
2340,21/04/2022 16:53
2341,21/04/2022 16:54
2342,21/04/2022 16:55
2343,21/04/2022 16:56
2344,21/04/2022 16:57
2345,21/04/2022 16:58
2346,21/04/2022 16:59
2347,21/04/2022 17:01
2348,21/04/2022 17:02
2349,21/04/2022 17:20
2350,21/04/2022 17:23
2351,21/04/2022 17:24
2352,21/04/2022 17:57
2353,21/04/2022 18:28
2354,21/04/2022 18:41
2355,21/04/2022 20:04
2356,21/04/2022 20:08
2357,21/04/2022 20:10
2358,21/04/2022 21:10
2359,21/04/2022 21:12
2360,21/04/2022 21:13
2361,21/04/2022 21:56
2362,21/04/2022 22:05
2363,21/04/2022 22:07
